[
  {
    "SupplierID": 1,
    "CompanyName": "New Orleans Cajun Delights",
    "ContactName": "Shelley Burke",
    "ContactTitle": "Order Administrator",
    "Address": "P.O. Box 78934",
    "City": "New Orleans",
    "Region": "LA",
    "PostalCode": "70117",
    "Country": "USA"
  },
  {
    "SupplierID": 2,
    "CompanyName": "Exotic Liquids",
    "ContactName": "Charlotte Cooper",
    "ContactTitle": "Purchasing Manager",
    "Address": "49 Gilbert St.",
    "City": "London",
    "Region": "UK",
    "PostalCode": "EC1 4SD",
    "Country": "UK"
  },
  {
    "SupplierID": 3,
    "CompanyName": "Grandma Kelly's Homestead",
    "ContactName": "Regina Murphy",
    "ContactTitle": "Sales Representative",
    "Address": "707 Oxford Rd.",
    "City": "Ann Arbor",
    "Region": "MI",
    "PostalCode": "48104",
    "Country": "USA"
  },
  {
    "SupplierID": 4,
    "CompanyName": "Forêts d'érables",
    "ContactName": "Chantal Goulet",
    "ContactTitle": "Accounting Manager",
    "Address": "148 rue Chasseur",
    "City": "Ste-Hyacinthe",
    "Region": "Québec",
    "PostalCode": "J2S 7S8",
    "Country": "Canada"
  },
  {
    "SupplierID": 5,
    "CompanyName": "Plutzer Lebensmittelgroßmärkte AG",
    "ContactName": "Martin Bein",
    "ContactTitle": "International Marketing Mgr.",
    "Address": "Bogenallee 51",
    "City": "Frankfurt",
    "Region": "DE",
    "PostalCode": "60439",
    "Country": "Germany"
  },
  {
    "SupplierID": 6,
    "CompanyName": "Lyngbysild",
    "ContactName": "Niels Petersen",
    "ContactTitle": "Sales Manager",
    "Address": "Lyngbysild Fiskebakken 10",
    "City": "Lyngby",
    "Region": "NL",
    "PostalCode": "2800",
    "Country": "Denmark"
  },
  {
    "SupplierID": 7,
    "CompanyName": "Formaggi Fortini s.r.l.",
    "ContactName": "Elio Rossi",
    "ContactTitle": "Sales Representative",
    "Address": "Viale Dante, 75",
    "City": "Ravenna",
    "Region": "IL",
    "PostalCode": "48100",
    "Country": "Italy"
  }
]